{"cameraMode":{"drawMode":0,"name":"Shaded","section":"Shading Mode"},"sceneLighting":true,"audioPlay":false,"sceneViewState":{"m_AlwaysRefresh":false,"showFog":true,"showSkybox":true,"showFlares":true,"showImageEffects":true,"showParticleSystems":true,"showVisualEffectGraphs":true,"m_FxEnabled":true},"in2DMode":false,"pivot":{"x":0.9719052314758301,"y":-0.05125236511230469,"z":3.4387216567993166},"rotation":{"x":0.21609710156917573,"y":0.11278223991394043,"z":-0.025142036378383638,"w":0.9695088863372803},"size":13.287703514099121,"orthographic":false}